smiles,log_vp(pa),split
CC(=O)C(C)C,3.823742784,train
CC=CC=CCCCCCCCO,-1.160774935,train
COC(=O)C(C)O,2.605609546,train
O=C1C2CC3CC(C2)CC1C3,0.221,train
CCCCCCCCC,2.69245966,train
C#CCCC,4.764262865,train
C/C=C(\C)CC,4.27,train
CC(=O)OCC12CC(OC(=O)CC(C)C)C(C)=CC1OC1C(O)C(OC(C)=O)C2(C)C12CO2,-8.389383269,train
C(COCCOCCOCCO)O,1.350248018,train
C(CCCO)CCO,1.42975228,train
C=COCC,4.834252252,train
CCCC=O,4.169689937,train
CC(=O)O,3.260892562,train
OCC=CCO,0.726955296,train
CC(C)CCCCCCOC(=O)C1CCCCC1C(=O)OCCCCCCC(C)C,-3.891929623,train
CCC(C)(C)O,3.347997426,train
CC1=CC=CC1,4.218291892,train
C1=CCCC=CCC1,2.819567609,train
CCCCCCCCCCC1CO1,2.920775322,train
C#CC=C,5.255565447,train
CC1=CCC(C(C)C)=CC1,2.161915142,train
CC12CCC(=O)C=C1C1CC1C1C2CCC2(C)C1C1CC1C21CCC(=O)O1,-6.526799832,train
CC(=O)CO,2.67135866,train
C1CC12CC2,4.785498507,train
C(CC(=O)O)CC(=O)O,-0.054531415,train
CCC(C)CC(C)(C)CC,2.746,train
CC/C=C\C[C@@H]1C(=O)CC[C@H]1CC(=O)OC,-0.909,train
C=CC1CO1,4.312416026,train
CC(CO)CO,0.438951624,train
CCCC(=O)OCC(C)C,2.696,train
CC(=O)C1CCC2C3CCC4=CC(=O)CCC4(C)C3CCC12C,-1.320010246,train
C=CC1CC2C=CC1C2,3.014148518,train
CCCC,5.291698147,train
CCCCCCCCCCCCCCCCCC(=O)OCCCC,-3.111676701,train
CC1CCC2C(C)(C)C3CC12CCC3(C)O,-1.547803122,train
CC1CCC(CO)CC1,0.857289065,train
CCCOC(=O)CC,3.26460091,train
CC1CCCCC1=O,2.36300449,train
CC(C)[C@H]1CC[C@H](C)C[C@@H]1O,0.855,train
COC(C)COC(C)CO,1.726955296,train
C[C@@H]1CCC[C@H](C)C1,3.457,train
CC(C)=CC(C)C,4.046,train
CCCCCCCCC(C)=O,1.555280445,train
CCCCCCC(=O)C,1.974511693,train
CCCCC[C@@H](C)CCC,2.49,train
OCCCCCCCCCCCCCCCO,-4.923,train
CCC(C)C(=O)O,1.815546603,train
CCC(=O)CC(C)CC,2.12489574,train
CCCCCCCC=O,2.195089111,train
CCCCCC[C@@H](C)CC,2.421,train
CC(C)OC(=O)[C@H](C)O,2.38,train
CCCCCCCCC(=O)OC,1.3365573,train
COC(=O)CC(C)C,3.27100182,train
C=C(C)CC(C)C,4.098797013,train
CCCCC(C)CCCC,2.468,train
CCCCOC(=O)OCCCC,1.406,train
CCCCCCCCCCCCCCCCCCCCCCCCCCCCCCCCCCCCCCCCCCCCCCCCCCCC,-17.707,train
CC12CCC(=O)C=C1CCC1C2CCC2(C)C1CCC2(C)O,-5.61983219,train
CCOC(=O)C=CC(=O)OCC,1.16628799,train
O=C(O)C(=O)O,-1.155274135,train
C=C(C)C(=O)OCCCCCCCC(C)C,0.16628799,train
C=C1CCCC2(C)CC3(O)OC(=O)C(C)=C3CC12,-4.950825409,train
C=CCC1=C(C)C(OC(=O)C2C(C=C(C)C)C2(C)C)CC1=O,-3.795910814,train
COCCOCCO,1.505410943,train
C#C,6.59643291,train
CCCCCCCCCCCCCCCC(=O)OC(C)C,-2.127727985,train
CC(C)=CCC(C)C,3.52300182,train
COC(=O)/C=C\C(=O)OC,1.60200182,train
CCOC(=O)[C@H](C)CC,3.546,train
CCCCOCCCC,2.906835343,train
O=C1C=CC(=O)C=C1,1.104723058,train
CCCCCCCCCCCCCC,0.179262308,train
CC(C)C1CCCC1,3.333258547,train
CC(CCO)CC(C)(C)C,1.60200919,train
CCCOC[C@@H](C)O,2.366,train
CCCCCOCCCCC,2.05790182,train
CC1CC2=CC(=O)CCC2(C)C2CCC3(C)C(CCC3(C)O)C12,-5.916063303,train
C1=CC2C=CC1C2,3.531435485,train
O=C(O)CC(O)(CC(=O)O)C(=O)O,-5.649816456,train
CC1OC(C)OC(C)O1,3.166889872,train
CCC=CCC=CCC=CCCCCCCCC(=O)O,-4.142710935,train
CC(=O)C(C)(C)O,2.91670182,train
CC(C)C(C)O,3.086233655,train
CC(=O)CCC(=O)O,-0.82589818,train
C1COCCOCCOCCOCCO1,-0.716742203,train
C1CCOCC1,3.978466312,train
C1=CCC=CC1,3.948500877,train
CC/C=C\CCOC(=O)C(C)CC,1.185,train
CCCC(=O)OC(=O)CCC,1.582089208,train
C=C(C)C1CC=C(C)C(=O)C1,1.141364436,train
CC(=O)[C@]12C[C@H]3C[C@H](C[C@H](C3)C1)C2,0.219,train
OCCCCCO,-0.325542404,train
CCC=C(C)C,4.323433523,train
C=C(C)[C@H]1CC[C@H](C)C[C@@H]1O,1.348,train
C=C/C=C/C=C,4.076,train
CC(CC(=O)O)C(=O)O,-0.853915396,train
CC(CC(C)O)O,1.663700925,train
CC(C)(C)C1CCC(O)CC1,0.497597901,train
CCCCCC(C)=O,2.640035546,train
C/C=C/C=C/CCCCCCCO,-1.16079818,train
O=C1CCC1,3.755094193,train
OCCCCCCCCCCCCO,-3.568,train
C1COC1,4.638067262,train
CCCCC(CC)CC,3.316,train
C1CCCCCCCCCCC1,0.598382275,train
CCCC(CO)O,1.698100546,train
CC1(C)[C@H]2CC[C@H](CO)[C@@H]1C2,0.365,train
CCCCCCCCCCCCCCCCCCCCCCCCCCCCCCCCCCCCCC,-11.289,train
CCCCOC(C)=O,3.171176768,train
CC(C)=CCC[C@@H](C)[C@H]1C=CC(C)=CC1,-0.027,train
C[C@H]1CC[C@@H](C)CC1,3.379,train
C=C=CC,5.225044507,train
CC(C)COCC(C)O,2.238820239,train
CC(C)[C@H](C)O,3.086,train
CCCCOCC1CO1,2.529687585,train
COCCOCCOCCOC,0.728137471,train
CCCCCCCCC(=O)O,-0.735732735,train
CCCCCCCC1CCCCC1,0.726978558,train
COC(OC)OC,4.03551971,train
COCC(=O)O,1.293644192,train
CCCCC(=O)CCCC,1.873158204,train
CC(O)C(C)(C)C,3.069871213,train
COC(C)C,4.904398356,train
C=CCCCCCCCCCC,1.339823541,train
O=C=O,6.697327012,train
CCCCCCC(C)CC,2.421,train
O=C1CC2CCC1C2,2.445041591,train
CC(C)COC(C)(C)C,3.503,train
COC,5.772453113,train
CCCCCCCC(C)=O,1.882918952,train
C=CC(C)(O)CCCC(C)CCCC(C)CCCC(C)C,-5.054838351,train
CC1CCCC(C)(C)C1,3.162507606,train
CC(C)(C(=O)O)C(=O)O,-0.728976659,train
CC(C)=CC=C(C)C,3.370407973,train
C=C=O,5.993389745,train
C=C(C)[C@H]1CC=C(C)C(=O)C1,1.036,train
CC1=C(C)C(=O)C=CC1=O,0.425925301,train
CC(=O)OCC(O)CO,-0.281818628,train
CC(C)CCOC(=O)CC(C)C,2.073293566,train
CCCCC[C@H](O)CC,1.639,train
CC(=O)C(C)(C)C,3.626403384,train
CCCCCCCCCCCCCC1CCCCC1,-2.91359089,train
CCOC(C)=O,4.070931267,train
C=CCC=CC,4.361188984,train
CCCCCCOCCO,1.087987478,train
CCC/C=C/CCC,3.38115091,train
CCCCC=CCCC=CCCCCCCOC(C)=O,-1.958598108,train
C#CCO,3.309986793,train
OCC1CCC(CO)CC1,-1.386535379,train
C[C@H]1CCCC[C@H]1O,2.296,train
OCC(O)CO,-1.70088496,train
C=CCCC,4.760622829,train
CCCCCCCCCCCCCCCCCCCCCCCCCCCCCCCCCCCCCCCC,-12.261,train
C=C(CC)CCCC,3.42118632,train
CC=CC(C)C,4.44086565,train
CC1CC(C)(C)OCO1,2.908,train
CC1CCCO1,4.176326843,train
CC(=O)CCC(C)=O,2.591762925,train
CCCC(C)(C)CC,3.579956124,train
C=C(C)C(=O)OCC1CCCO1,1.329015288,train
C=C1CCCCC1,3.728315719,train
CC1CC2(C)C(CCC3C4CCC(O)C4(C)CCC32)CC1=O,-5.644655774,train
CC1CC(=O)O1,2.342379249,train
CCCCC[C@@H](C)O,1.996,train
C#CC(C)(O)CC,2.84510182,train
CCCCCCCCO,1.021821298,train
CC1(O)CCCCC1,2.177987784,train
C=CCCCCC,3.889981557,train
CCCCCCCCCCCCCCCCCCCCCC,-3.743421908,train
CC(C)=C(C)C(C)C,3.47690182,train
CC1CCC1,5.29542942,train
CC(C)(CO)CO,1.190661693,train
CCOCCC(=O)OCC,2.079137814,train
CCCOC(C)C,4.056,train
CCCCOCCO,2.064466892,train
C=CC(=O)OCC(C)O,1.360423752,train
CC(=O)OC/C=C(\C)CCC=C(C)C,0.64340182,train
CC(C)(C)C=O,3.977375299,train
C#CCOC(=O)C=C(C)C=CCC(C)CCCC(C)C,-3.018375805,train
C1=C\CC/C=C/CC/C=C/CC/1,1.066,train
C=COCCOC,3.38016781,train
CCC(C)CCCC(C)CCCC(C)CCCC(C)C,-1.049795378,train
CCCCCCCCCC(C)O,0.44853946,train
CC(=O)OCC(COC(=O)C)OC(=O)C,0.029383778,train
CCCCCCC1CCC(=O)O1,-0.165834734,train
O=C(O)CCCCCC(=O)O,-4.596253455,train
C1CC(C1)(C(=O)O)C(=O)O,-3.872895202,train
C=CCCCCCCCCCCCCCCCCCC,-2.849931946,train
CC(C)OC(=O)C(C)C,3.32940182,train
CCC(C)(C)C,4.619017475,train
C=C(C)C(=O)OCCO,1.22340903,train
CCC(O)CO,0.863038987,train
CC1(C)C2CCC(CO)C1C2,0.365,train
C=C(C)C1CC=C(C)CC1,2.378437571,train
O[C@@H]1[C@@H](O)[C@@H]2OC[C@@H](O2)[C@H]1O,-4.99999818,train
CC(C)CCC(=O)O,1.768347981,train
CCCCOC=O,3.584347029,train
CCOC(=O)CC,3.677042687,train
CC(C)=CCC/C(C)=C/CO,0.60210182,train
COC(C)(C)C,4.524845452,train
C=CCCCCCCCCCCC,0.926026833,train
CC[C@@H](C)[C@H](C)O,2.636,train
CCCCCCCC,3.238637207,train
CCOCC(C)OC(C)=O,2.355344226,train
CCC(C)CC(C)C,3.607584899,train
C[C@@H](O)CO,1.24,train
CC[C@H](C)CC(C)C,3.607,train
C1COCCO1,3.681368755,train
CCCCC(C)CC,3.414376143,train
CC1(C)CCCCC1,3.479274327,train
C[C@@H]1C=CCC1,3.406,train
COCC(C)O,3.218804527,train
CCCCOCCOCCOCCO,-0.535872937,train
C=CCCCCCCCCC,1.864049361,train
CC(O)CCO,0.418988105,train
CC(=O)C(=O)O,2.235590617,train
CCC(=O)O,2.656812999,train
C/C=C/CCCCCCC,2.266,train
CC[C@H](C)CC(C)(C)C,3.316,train
CC(C)(C)CCC(C)(C)C,3.067853824,train
C=CC[C@@H](C)CC,3.99140182,train
CCCC(C)(C)C,4.143567757,train
C=CCCC(C)C,4.016,train
CC[C@@H](C)CC(C)(C)CC,2.746,train
CCCC[C@@H](O)CCC,1.61770182,train
CC(C)(C)C(=O)OC(=O)C(C)(C)C,1.76840182,train
CCC=CCC1C(=O)CCC1CC(=O)OC,-1.347474794,train
CCC=CCC1=C(C)CCC1=O,0.587293303,train
COC(=O)C=CC(=O)OC,1.60201656,train
CCOCCOCC,3.29939501,train
CC(C)(C)CC(C)(C)C,3.423360959,train
CCC(C)O,3.35564429,train
CCCCCC1CCC(=O)O1,0.196777312,train
C=C1[C@H]2CC[C@H](C2)C1(C)C,2.702,train
CCCCCCC(C)=O,2.255414992,train
C=CCCC=C,4.468357392,train
C1=CCCC=C1,4.112972704,train
CCC1(O)CCC2C3CCC4=CCCCC4C3CCC21C,-4.036255604,train
CC#CCC,4.497002218,train
CC=O,5.034416852,train
CCCCCCCCC[C@@H](C)O,0.095,train
O=C(O)C(O)C(O)C(=O)O,-4.699013436,train
CCCCCCCCCCCCCC(=O)O,-3.728983833,train
CCC=CC(C)C,4.00630182,train
C(C(CO)O)O,-0.924453039,train
C=COCCCC,3.815739332,train
O=C1CCC(=O)O1,-0.757705437,train
OCCCCCCCCCCO,-2.296,train
CCCOC(=O)C(=O)OCCC,1.143,train
C#CCCCCC,3.811718809,train
CC1CCCCC1,3.739911774,train
C[C@H]1CC[C@H](C)C1,3.934,train
C[C@H](CCC(=O)O)C(=O)O,-3.0,train
O=C(O)CCC(=O)O,-3.899769298,train
O=CCCCC=O,2.719776649,train
CCOC(=O)CCCCC(=O)OCC,0.871695442,train
CC(C)C[C@@H](C)O,2.84,train
CCCCCCCCCCCCCCO,-1.83128055,train
C=CC(=O)OC[C@@H](CC)CCCC,1.386,train
CC1=C(C)C(=O)C(C)=C(C)C1=O,-0.415712207,train
O=C(CO)CO,0.12583887,train
CC(C)C(C)CC(C)(C)C,2.90440182,train
CC(CCC(=O)O)C(=O)O,-3.0,train
CCCCOC(=O)CCCCC(=O)OCCCC,-1.677780705,train
CCCOC(C)(C)CC(C)(C)C,2.342,train
OCCCCCCO,-1.239057867,train
CCCCCCC=O,2.671069439,train
CCOC(=O)CCCCCCCCC(=O)OCC,-1.169219581,train
CC1(C)C2CC3OC3(C)C1C2,2.038205489,train
CCC1(CC)CCCCC1,2.226,train
COC(=O)CCC(C)=O,1.645,train
CC/C=C\CCCC,3.366,train
C=CC(O)CO,1.505106547,train
CC(=O)C=CC1=C(C)CCCC1(C)C,0.857295442,train
CCCCCCCCCCC(=O)O,-0.29429818,train
O=C(O)C=CC(=O)O,3.124895305,train
CCCCCC(=O)O,0.756098653,train
CC(O)C(O)CO,-0.34849818,train
CC(C)CC(C)(C)CO,1.815091385,train
CCCCOC(=O)CCC(C)=O,0.594,train
CCCCCCCCCCCCCCCCCCCCCCCCCCCCCCCCCCCCCCCCCCCCCC,-15.058,train
CCCOCCOCCO,0.823865309,train
CCCC(=O)OCCC(C)C,2.102610365,train
CCCOC(C)(C)CC,3.298,train
CCCOC(=O)C(C)CC,2.656,train
C=C1C=C[C@H]([C@H](C)CCC=C(C)C)CC1,0.176,train
CCCCCCCCCCCC(C)=O,0.133848562,train
CCCO,3.416857795,train
C/C=C(/C)CC,4.306,train
CCCCC(O)CC,1.99475135,train
O=C1CCCCCC1,2.221803569,train
C1=CCOC1,4.323604591,train
C/C=C\CCCCCCCCC,1.206,train
CC(O)C(C)O,1.472212222,train
CCCCCCCCCCCCCCCCCCCCCCCC(=O)OC,-5.938,train
COC(C)(C)CC(C)=O,2.415199402,train
CC(O)C(=O)O,1.032277623,train
CCCCCCCC[C@H](C)O,0.537,train
CC[C@@H](C)C(C)C,3.96,train
C=CCC=C,4.996133336,train
CCCCC1CCCCC1,2.242708755,train
CC(=O)OC1CC(C)OC(C)O1,1.271023341,train
CC1CCC2C(C)C(OC(=O)CCC(=O)O)OC3OC4(C)CCC1C32OO4,-6.369954717,train
CC(C)(C)C(C)(C)C,3.444555067,train
C=CC=CCC1=C(C)C(OC(=O)C2C(C=C(C)C)C2(C)C)CC1=O,-2.567608657,train
CC(C)=CCC[C@@H](C)CC=O,1.426,train
C/C=C/C,5.37,train
CCCC(=O)OC,3.632633216,train
C=C(C)C1CCC2(C)CCC3(C)C(CCC4C5(C)CCC(O)C(C)(C)C5CCC43C)C12,-8.17353671,train
CCC(C)CC(C)(C)C,3.32372167,train
OCCCCO,0.14244872,train
CC(C)=CC(C)(C)C,3.683995332,train
CC1CCCCC1O,2.256,train
CCCCCCCCCCCCCCCCCCCO,-3.959,train
O=C1C=CCCC1,2.683603876,train
COCCOCCOCCO,-0.50712791,train
C=CC(=C)CCC=C(C)C,2.432775493,train
CC1OC(C)OC(C)OC(C)O1,6.819543936,train
CCCC(=O)OCC,3.231402365,train
C/C=C\CCC,4.3,train
CC(C)CCCCCOC(=O)CCCCC(=O)OCCCCCC(C)C,-2.451858821,train
CCOC=O,4.498100719,train
C=C(CC)CCC,3.882,train
C[C@H]1CCC[C@H](C)C1,3.366,train
CCCCOC(=O)CCCCCCCCC(=O)OCCCC,-3.201440471,train
C=CCC(C)C,4.558385686,train
C=C(C)OC,4.838392572,train
CC(C)[C@H]1CC[C@H](C)CC1=O,1.577,train
C#CC(C)(C)O,3.328958554,train
C1OC1C1CO1,3.715973881,train
CCC(=O)CC,3.700953382,train
CCOCOCC,3.657625752,train
C=CC(C)C,5.077868534,train
CCCCOC(=O)C(C)O,1.713478103,train
C[C@@H]1CCCC(C)(C)C1,3.17,train
C1=CC=CC=CC=C1,3.016995864,train
CC=CC(C)O,2.903769777,train
C=COCC(C)C,3.899408787,train
CCC,5.976926128,train
C=CC(=O)OCC(CC)(COC(=O)C=C)COC(=O)C=C,-1.104252683,train
OC1CCCCC1,2.203590693,train
CCCC=C(C)C,3.857115003,train
CCCCCOC(=O)CCC,2.037,train
CCOC(=O)OCC,3.164234985,train
CC(C)OCC1CO1,2.921932116,train
CC(=O)OC(C)C,3.884115744,train
CCC[C@@H](C)O,2.916,train
C=CCCCCCCCCCCCCC,-0.265881465,train
CC1=CCC(=C(C)C)CC1,1.994718623,train
CC(C)C,5.456170546,train
CCCCC=C(C)C,3.375086537,train
C1CCCC1,4.62530347,train
CCCCCCOC(C)(C)CC(C)(C)C,0.838,train
C=CCCCCCCCCC(=O)O,-0.903381642,train
COC1OC2OC3(C)CCC4C(C)CCC(C1C)C24OO3,-2.273044704,train
OC1CCCC1,3.753574062,train
O[C@]12C[C@H]3C[C@H](C[C@H](C3)C1)C2,0.289,train
CC1=CC[C@H]2C[C@@H]1C2(C)C,2.765,train
CC1(C)C(=O)[C@]2(C)CC[C@H]1C2,2.006,train
CCCCCCCCCCCCCCCCCCCCCCCCCCCCCCCCCCCCCCCCCC,-13.191,train
CC12CCCCC1C(=O)OC2=O,-0.030006655,train
CCCC(C)C,4.476262326,train
CCCCC(C=O)CC,2.393270934,train
CCCOC(=O)[C@H](C)O,2.077,train
CCC(O)C(C)C,2.85583879,train
CCCCCCCCCCCCCCCC1CCCCC1,-4.336063388,train
C(CO)O,1.326335861,train
CCCCCCCCCCCCCCCCCCCCC,-2.244619771,train
CC(=CCCC(C)(C=C)O)C,1.348304863,train
CCC(C)C(C)=O,3.189531855,train
CCCCC[C@@H](O)CC,1.53310182,train
CCCOCCO,2.54632501,train
CC(C)=CCCC(C)=CCCC(C)=CCO,-2.279608473,train
CCC(C)COC(C)=O,2.838385848,train
O=C(O)C1CC1,1.962175711,train
CC1(C(=O)[O-])CCC(C(=O)[O-])C1(C)C,-2.696127748,train
CCCCC(CC)COC(=O)CCCCC(=O)OCC(CC)CCCC,-3.945689906,train
CC(=O)OCCCCC(C)C,1.832465481,train
CC(CC(=O)O)CC(=O)O,-3.036,train
CC1C=CCC1,3.406,train
CCCOC,4.791798503,train
CC(C)CCCCCCC=O,1.587293303,train
CC12CCC(CC1=O)C2(C)C,1.610955465,train
COC=O,4.872806023,train
CCOC(=O)[C@H](C)O,2.438,train
CCO,3.871315522,train
CCC=C(C)CC,4.03970182,train
C=CCOC(=O)/C=C\C(=O)OCC=C,-0.04099818,train
CC(C)OC(C)C,4.277179449,train
CC(C)(C)CCCCCC(=O)O,-0.030006655,train
CCOC(=O)C=C(C)C=CCC(C)CCCC(C)C,-1.540650944,train
C=CC(=O)OCC,3.675156307,train
CCCCCCC(=O)OC,2.272009952,train
CC/C=C/CC,4.316,train
CCCCCCCC(=O)OC,1.805296962,train
CC(C)(O)C(C)(C)O,1.823865309,train
COCC(C)C,4.446891908,train
CCCCCCCCCCCCCCCC(=O)OC,-2.2433294,train
CC(=O)CCC(C)C,2.862607458,train
CC(O)COC(C)(C)C,2.796993163,train
CC(C)(C)OOC(C)(C)C,3.524585423,train
COC(=O)CO,2.483,train
C=C(C)C(C)(C)CC,3.605023925,train
CCC(=O)C(C)=O,3.154279489,train
C=CC(=O)OCC(CC)CCCC,1.304144122,train
CCCCCC,4.286334981,train
O=C1CCCCCCC1,1.736640491,train
C=CCOC(=O)C(=C)C,2.886081352,train
CC1=CCC2CC1C2(C)C,2.792444912,train
CCCCCCOC(=O)CO,0.663,train
CCCCCCCCCCCC,1.237671037,train
C=COC=O,4.620399917,train
CCCCOC(=O)CCC,2.557014469,train
CC1(C(=O)O)CCC(C(=O)O)C1(C)C,-2.696127748,train
CCCCC/C=C\C/C=C\CCCCCCCC(=O)O,-3.93659818,train
CCCCOC,4.265702369,train
CC(C)(C)CCO,2.513781605,train
CC[C@@H](C)C(C)(C)C,3.631,train
O=C(O)C1=CC(O)C(O)C(O)C1,-5.875104695,train
CC1CCCC(O)C1,1.85055091,train
C1CCC(CC1)(C(=O)O)C(=O)O,-4.235823868,train
CCCCCO,2.480734448,train
CCCCCCCC(=O)O,-0.358312752,train
CC(C)C(C)C(C)(C)C,3.23115091,train
CCC(=O)OCC(C)C,2.935650703,train
CCCC(C)C(C)C,3.504581036,train
CC1(C)OCC(CO)O1,4.154940451,train
CC1(C)[C@@H]2CC[C@]1(C)[C@H](O)C2,0.82560182,train
CC(=O)C(C)CO,1.47860182,train
CCOC(=O)CCCCCC(=O)OCC,-0.38369818,train
CCCCC(CC)(CO)CO,-1.875101438,train
CCCCCCCCOOCCCCCCCC,-0.77473415,train
CC1CCC(C)C1,3.97221962,train
CCC(C)=C(C)C,3.822524611,train
CC(=O)OC1CCC(C(C)(C)C)CC1,0.062448562,train
C=C(C)C,5.485185054,train
CC(=O)O[C@@H]1CC2CCC1(C)C2(C)C,1.48280182,train
CC(=O)CC(C)=O,2.698643963,train
CCCCCCCCCCCC(=O)OC(C)C,-0.44699818,train
CCCCCCCCCCCCCCCCCC(=O)OC,-2.825348877,train
CCCCCCCCCCCCCCCCCCCCCC(=O)OC,-4.405580671,train
CCC(C)CCCC(C)CCCC(C)C,1.950970108,train
CCCC(C)=C(C)C,3.388248228,train
CCCCCCCCCCCCCCCCCCCCCCCCCCCCCCCCC,-8.270885155,train
C=C(C)C(=O)OC1CC2CCC1(C)C2(C)C,1.16628799,train
CCC(C)(O)CCCC(C)C,0.124895305,train
CCCCCCCCCCCCCCCCCCCCCCCCCCCCCCCCCCCCCCCCCCCCCCCCCC,-16.839,train
OCC(O)C(O)C(O)CO,-0.482407742,train
CCC#CCC,4.066,train
C=CC(O)CC,3.110770662,train
CCCCC1CCCC1,2.713319039,train
C=CC=CCC1=C(C)C(OC(=O)C2C(C=C(C)C(=O)OC)C2(C)C)CC1=O,-4.275221623,train
CC(=O)C1CC1,3.775202828,train
COC(=O)CC(=O)OC,2.796101456,train
C=CCCCCCC,3.363239323,train
CCC(C)OC,4.44320182,train
CCOCCOCCO,1.234185664,train
CCCCCCC(C)O,1.502209849,train
CCCCOCC,3.843654218,train
CC1CCCC1,4.263056444,train
CCCCC(=O)O,1.442331525,train
CCCC[C@H](O)CO,0.127,train
CCCC[C@H](O)CC,1.996,train
CC1(C)[C@@H]2CC[C@@]1(C)C(=O)C2,1.623,train
CCCCCCCCCCCCC(=O)O,-2.774716165,train
CCC(C)(C)C(=O)OC1CC(C)C=C2C=CC(C)C(CCC3CC(O)CC(=O)O3)C21,-9.248764328,train
CCC(C)(C)CC(C)C,3.249167861,train
CC,6.623115966,train
C=CCOCC1CO1,2.553030252,train
CC12CCC3C4CCC(=O)C=C4CCC3C1CCC2O,-5.331036651,train
OCC1OC(O)C(O)C(O)C1O,-5.574074699,train
CC(C)CCC[C@@H](C)CCC[C@H](C)CCCC[C@@H](C)CCC[C@@H](C)CCCC(C)C,-5.824,train
CC[C@@H](C)OC(C)=O,3.35,train
CC1=C[C@@H](O)[C@@H]2C[C@H]1C2(C)C,0.723,train
CCCCCCCCCCCCCCCCCCCCCCCCCCCCCCCC,-6.542327887,train
COC(=O)C1CCC(C(=O)OC)CC1,0.75025921,train
CCCOC(=O)C(C)O,2.077,train
CCCCCCCCC(C)C,1.893931209,train
OCCOCCOCCO,-0.813216989,train
CCCCCCCCCCCCCCCCCCO,-3.47104501,train
CCOC(=O)C(C)CC,3.546,train
COCCOC,3.806124968,train
CC(C)COC(=O)CC(C)C,2.390057474,train
CCCCCCOC(C)=O,2.244360073,train
CC(C)CCC(C)(C)C,3.342371261,train
CCCCOC(C)(C)CC(C)(C)C,1.787,train
COCCOC(C)=O,2.618860857,train
CCCOC=O,4.042843413,train
CCOC(=O)CC(=O)OCC,1.525721547,train
CCCCCCCCCCCCO,-0.943528966,train
CCCCCC(=O)CCCCC,0.823883565,train
CC12C=CC(=O)C=C1CCC1C2CCC2(C)C1CCC2(C)O,-5.795923449,train
COC(OC)C(C)=O,3.053291157,train
O=C(O)CO,0.425917474,train
CCCCCCCCOC(C)=O,1.556477648,train
CCCCCC1CCCCC1,1.694249425,train
C=C(C)C1CCC2=CC(=O)CC(C)C2(C)C1,-0.39798344,train
CC=C(C)C(=O)O,1.248746946,train
CCCC(O)CO,0.543,train
O=C1CCCCCCCCCC1,0.821233565,train
C[C@@H]1CCC[C@@H]1C,3.806,train
CCCC(C)O,2.87671096,train
CC/C=C\CC,4.296,train
C=C,6.730866969,train
CC1CCC(C)C(C)C1C,2.24220182,train
C1=CCC=C1,4.752711023,train
CC1=CC2C3CC(C=C3C)C2C1,3.277183649,train
OC12CC3CC(CC(C3)C1)C2,0.289,train
CC(C)C1CC1,4.436649166,train
CC(=O)O[C@@H](C)CC(C)C,2.72,train
CCCCCCO,2.015861439,train
CCCCCOC(=O)CO,1.161,train
CCCC=CCCC,3.375803005,train
C[C@H]1CO1,4.866,train
CCCOC(=O)CCC,2.865071364,train
CCOC(C)OCC,3.565803531,train
CCCCCCCCCC(=O)OC,0.69179994,train
CCCCCCC(C)C,2.920318908,train
COCCO,3.064044788,train
CC=CCCC,4.343255727,train
CCC(CC)C(C)CCOC(C)=O,1.539868653,train
C=C(C)C(=O)OC1CCCCC1,1.403648906,train
C=CCOC(=O)C=CC(=O)OCC=C,0.124895305,train
CC(C)C(C)(C)C(C)C,3.07165261,train
CCC(C)C(C)CC,3.461277974,train
O=CC=O,4.387273766,train
CCCCCCOCCCCCC,0.764554978,train
CCCCCCCCCCCCCCCCCCCCCCCCCCCC,-6.612994297,train
O=C(O)CCCCCCCCCC(=O)O,-5.278,train
CC(O)CC(C)(C)O,0.611515815,train
C=CC(C)CCC=C(C)C,2.534828428,train
CCCCCOC(=O)CC,2.680799875,train
CC1=CCCCC1,3.612084276,train
CC(=O)CCO,2.054314231,train
COC(=O)OC,3.789421423,train
CCCCCCCO,1.456897667,train
C1=CCCCCC1,3.423180766,train
C=C1CC2C(CCC3(C)C(=O)CCC23)C2(C)C=CC(=O)C=C12,-3.83371201,train
O=C(O)CCCCCCCCC(=O)O,-4.417495174,train
CC1CCCC(=O)C1,2.300991649,train
CC/C=C\CCOC(=O)[C@H](C)CC,1.185,train
CCCCCCCCCCCCCCCCCCCCCCCCCC,-4.540415471,train
O=C1CCCCCCCCCCC1,-4.34e-05,train
CCCCC=O,3.571409781,train
C=CC(C)=O,4.020502143,train
CC(C)CCCC(C)C,3.094,train
CCC(CC)CC,3.887187389,train
CCOC(=O)CC(C)=O,2.006745409,train
CC(=O)OO,3.288307225,train
CCCC(=O)OCC(COC(=O)CCC)OC(=O)CCC,-0.761161343,train
CC1=CC(O)C2CC1C2(C)C,0.723,train
CC(=O)OCCC(C)CCC=C(C)C,0.602,train
CCCCCCCCCCCCCCCCCCCCCCCCC(=O)OC,-6.434,train
CC(=O)C=CC1C(C)=CCCC1(C)C,0.414929916,train
CCCCC(O)CO,0.127,train
C=CCOC(=O)OCCOCCOC(=O)OCC=C,-0.83371201,train
CCCCCC=CCC=CCCCCCCCC(=O)OC,-3.310438631,train
C=C(C)C(=O)C(=CC(=O)O)OC,-0.78168301,train
CCCCCCCCCCCC=O,0.24516123,train
CC(CC(=O)O)CC(C)(C)C,1.486623141,train
CCCCCCCCCCCCCCCCCCCCCCCCCCCCCCCCCCCC,-5.916063303,train
COC(C)(C)CCCC(C)CC=CC(C)=CC(=O)OC(C)C,-1.900132701,train
C=CC(C)CCC,4.04095091,train
CCC(C)C(C)O,2.636,train
C1C2CC3CC1CC(C2)C3,1.256,train
CCCCC[C@@H](C)CC,2.936,train
C=CC(C)CC,4.55035091,train
CCC(CC)CO,2.308693823,train
C=C1CC(=O)O1,3.154643497,train
CC[C@@H](C)CO,2.616,train
CC1=CC(=O)C=CC1=O,0.60201656,train
COC(=O)C(=O)OC,2.218225533,train
CC1CCC(O)CC1,1.587293303,train
CCCCOCCOCCOC(=O)CCCCC(=O)OCCOCCOCCCC,-4.875104695,train
CCCC[C@H](C)O,2.52,train
CC1CC(O)CC(C)(C)C1,1.124895305,train
C[C@@H]1CCCC[C@@H]1C,3.286,train
CCCCCCCCCCCCCCCCCCCCCCCCCCCCCCCCCCCCCCCCCCCCCCCCCCCCCCCC,-19.36,train
CC1CCC(=O)CC1,2.300991649,train
CC=CCCCCC,3.338572902,train
CC(=O)OCC=C(C)CCC=C(C)C,0.616256999,train
CCC(C)C(C)C,3.962332718,train
CCCCCC(O)CC,1.639,train
CCCC[C@@H](CC)COC(C)=O,1.506,train
CC1CO1,4.840670935,train
CCCCCCCC(C)C,2.40077901,train
C=C1CC[C@H]2C[C@@H]1C2(C)C,2.606,train
CCC(CC)C(=O)OCCOCCOCCOC(=O)C(CC)CC,-1.918456116,train
CCCCCCCC[C@@H](C)CC,1.411,train
CC(=O)OCC12CCC(C)=CC1OC1C(O)C(OC(C)=O)C2(C)C12CO2,-6.295321098,train
COC(=O)C1CC2=CC(=O)CCC2(C)C23OC2CC2(C)C(CCC24CCC(=O)O4)C13,-7.699013436,train
CCCCCCCCCCCCCCCC,-0.759598279,train
CCCC(=O)CC,3.267936616,train
CC[C@H](O)C(C)C,2.856,train
CC=C1CC2C=CC1C2,2.734133881,train
O=C1CCCO1,1.778105819,train
C=CCCCCC=C,3.300986564,train
CCCCCC(C)C,3.44040828,train
CCCCCC(C)O,2.160100663,train
C=CC(=O)OCC(C)C,3.011609787,train
CC(C(=O)O)C(=O)O,-2.959,train
C=C1CCC2CC1C2(C)C,2.595331918,train
C=CC(C)(C)O,3.194933605,train
O=CC(=O)O,2.15020117,train
C=CC=CC=C,4.078800859,train
CCCCCCCCCCCCCCCCCCCCO,-5.020282228,train
C=C(C=O)CC,3.685996689,train
COC(C)(C)CCCC(C)C/C=C/C(C)=C/C(=O)OC(C)C,-2.50219818,train
CCC=O,4.609336517,train
COCOC,4.702079033,train
CCC(C)(C)C(C)(C)C,3.105609645,train
CC(C)CO,3.145000099,train
CC(C)COCC(C)C,3.32485091,train
C=C(C)C(=O)OCCCCCCCCCCCCCC,-1.61983219,train
C=C(C)C(=O)OCCOCCOCCOC(=O)C(=C)C,-0.901976841,train
CCC(O)CC,3.065922904,train
COC(=O)[C@H](C)O,2.659,train
C=C(C)[C@@H](C)CCC,3.568,train
CC1CCC2CC1C2(C)C,2.633076324,train
CCCCCCCCCCCCCCCCCCCCCCCCCCCCCCCCCCCCCCCCCCCCCCCCCCCCCC,-18.533,train
CCC(CC)OC(C)=O,3.019764962,train
C=C(C)C(=O)OCCOC(=O)C(=C)C,2.681197806,train
CCC[C@H](C)CO,2.376,train
CCCCOC(=O)CC(CC(=O)OCCCC)(OC(C)=O)C(=O)OCCCC,-1.692476087,train
CC1=C2C(=COC(C)C2C)C(=O)C(C(=O)O)=C1O,-7.126916668,train
C[C@H]1CC[C@H](C)CC1,3.466,train
CC(C)[C@]12CC(=O)[C@H](C)[C@H]1C2,1.73950182,train
C=CCO,3.500897458,train
C=CC(=O)OCCOCCOC(=O)C=C,0.726955296,train
CC(CCCC(C)(C)O)CC=O,0.902546779,train
CC(C)CCCCC(C)C,2.696,train
CCC(C)=O,4.076470157,train
CCC(C)CO,2.543332789,train
CCCCCCCCCC(C)=O,0.735453103,train
CCOCCOCCOCCO,-0.221466463,train
C=CC(C)(O)CCC=C(C)C,1.326848539,train
CC1=CCC2C(C1)C2(C)C,2.695438245,train
CCCCCCCCCCCCCCCCCCCCCCCCCC(=O)OC,-6.903,train
C=CC1CC=CCC1,3.220584766,train
CCCCOCCOCC(C)O,0.60201656,train
C1CCC(CC1)(C2CCCCC2=O)O,0.595496222,train
CCCCC(=O)OCC,2.806119181,train
CCC(C)(C)CC,4.040800862,train
CCCOCCC,3.8618287,train
C[C@H]1CC[C@H](C)O1,3.924,train
O=CO,3.724002135,train
C=C[C@@](C)(CCC=C(C)C)OC(C)=O,1.086,train
CC(C)CCC(C)C,3.606244422,train
CCOC(=O)CCC(=O)OCC,0.808328103,train
CCCCOC(=O)C=CC(=O)OCCCC,-1.080616648,train
CCCOCC,4.383063608,train
CCCC1CCCCC1,2.744380119,train
C/C(=C\CO)CCCC(C)CCCC(C)CCCC(C)C,-3.585,train
C1CC2CCC1CC2,2.648471796,train
C=CCOC(=O)CC(C)C,3.238838657,train
C=C(CC)CC,4.368185927,train
C1=CC2CCC1C2,3.718086194,train
OC[C@H]1COCO1,1.524,train
CCCCCCOCCOCCO,-0.556897311,train
CCCCC(=O)OC,3.320021968,train
CCCCCCCCCCCCC,0.802260313,train
C=COC,5.244176507,train
CCCCC(CC)C(=O)OCCOCCOCCOCCOC(=O)C(CC)CCCC,-4.513376859,train
C=C=C,5.859697363,train
C=CC(=O)OCCO,0.841736636,train
COC(=O)C(O)C(O)C(=O)OC,-1.064200414,train
CC(C)C(C)(C)C,4.133873193,train
C/C=C/C=C/COC(C)=O,1.949,train
CC(C)(O)C(=O)O,0.06690182,train
CCCCCCCCCCOC(C)=O,0.07561239,train
O=C1C=CCO1,2.116564312,train
C=C(C)C(=O)OCCOCC,2.16628799,train
C/C=C/CCCCC,3.375,train
OC1CCCCC1O,0.124895305,train
CC1(C)CO1,4.71260627,train
C=CC(=O)OCCC,3.285742966,train
CCCCCCCC/C=C\CCCCCCCC(=O)O,-3.72899818,train
CCC(C)C(=O)OC1CC(C)C=C2C=CC(C)C(CCC3CC(O)CC(=O)O3)C21,-9.528751721,train
CCOC(=O)CC(C)C,3.047991739,train
CC(=O)O[C@@H]1C[C@H](C)CC[C@H]1C(C)C,1.14190182,train
C=C(C)C(=O)OCCCCCCCCCCCCCCCC,-1.866504523,train
CC(=O)/C=C/[C@H]1C(C)=CCCC1(C)C,0.325,train
CCCCCCCCCCCC[C@@H](C)O,-1.52,train
CC1CCC(O)CC1=CC=C1CCCC2(C)C1CCC2C(C)C=CC(C)C(C)C,-7.159101351,train
CCCCCCCCCCC,1.735705926,train
C#CCC,5.274805413,train
C=C1C=CC(C(C)CCC=C(C)C)CC1,0.176,train
CCCCCCCCCCCCCCCCCO,-3.311232094,train
C(OCC1CO1)C1CO1,2.417890009,train
C=C(C)[C@@H]1CC=C(C)CC1,2.44,train
C(CCO)CO,1.691965103,train
C[C@H]1CC[C@@H]2C(C)(C)[C@@H]3C[C@@]21CC[C@]3(C)O,-1.155,train
C/C=C\CCCC,3.81,train
CCCC1CCCC1,3.214605199,train
CCC(C)(C)C(=O)O,1.298094192,train
CC(C)CCCC(C)CCCC(C)CCCCC(C)CCCC(C)CCCC(C)C,-5.824,train
CCC=CCC,4.342289395,train
CC(C)O,3.75700815,train
CC(=O)CCC=C(C)C,2.107478284,train
C=C(C)C(=O)OCCCCCCCCCCCC,-0.799557734,train
CCCCCCCCCCCCCC(=O)OC(C)C,-1.904294783,train
C=C(C)CCC,4.384423913,train
C=CC(=O)OCCCCCCCC(C)C,0.457333765,train
CCCCCCCCCCCCC(=O)OC,-0.809639536,train
CCC(C)C(C)(C)C,3.631266892,train
CCOCC(C)O,2.815091717,train
COCC(C)OC(C)=O,2.718241596,train
CCCCCCCCC1OC1CCCCCCCC(=O)OCC(CC)CCCC,2.840898649,train
C=C(C)C(=O)OCCC,2.929715984,train
CCCOC(=O)OCCC,2.323,train
CC(C)CC(O)CC(C)C,1.604083735,train
COC(C)(C)CC(C)(C)C,2.866,train
CCCCCCCCCCCCCCCCCC,-1.431174703,train
C=CC=C,5.238639213,train
C=C(C)C(=O)OCC(C)O,0.425925301,train
CCOC(C)(C)C,4.14791386,train
CCC(C)CCCC(C)C,2.59440957,train
CCCOC(=O)CO,1.973,train
OCCO,1.022573801,train
CC(=O)CC(C)C,3.403991683,train
CCCCCCCCCCCCCCCCCC(=O)OCC(C)C,-2.429500492,train
CCCCCCCCC1CCCCC1,0.105598562,train
CCOCCO,2.828421202,train
OCCCCCCCO,-1.222,train
COC(=O)CCCC(=O)OC,1.380184815,train
CCCCOCC(C)O,1.96999378,train
CC(C)C(C)C,4.498485119,train
C=C(C)C(C)CCC,3.568,train
C/C=C/CC,4.84,train
CC/C=C\CCOC(=O)CC,1.821,train
CCC(C)(C)CO,2.568940101,train
OCC(O)C(O)CO,-2.791870905,train
CC(C)=CCCC(C)CC=O,1.487070589,train
C#CC#C,5.244985528,train
CCCCCCCCCCCCCCCCCCC,-2.184603852,train
C1COCO1,4.025886653,train
CCOC(=O)CC(O)(CC(=O)OCC)C(=O)OCC,0.254551217,train
CC=C(CC)CC,3.847614173,train
CCCCCCCCCCCCCCCCCCCCCO,-4.824,train
CCCCCCCCCCCO,-0.441846483,train
CCCCOCCOCCO,0.551522268,train
OCC(O)C(O)C(O)C(O)CO,-5.8794695,train
CC/C=C\C/C=C\C/C=C\CCCCCCCC(=O)OC,-3.17009818,train
CCC(=O)C(C)C,3.382017384,train
C=CC(=O)OC,4.022907922,train
CCCCCCCCCCCCCCC,-0.317196467,train
CC/C=C\CCCCOC(=O)CC,0.845,train
CCCCCCCCCCCCCCCCCCCCCCCCCCCCCCCCCCC,-9.394004703,train
C=CCCCCCCCCCCCC,0.286092624,train
OCCCCCCCCCCCCCO,-3.994,train
C=C(C)CCCCCC,2.936,train
CCCCCCCCCCCCCCCCCCCCCCCCCCCCCCCCCCCCCCCCCCCC,-14.12,train
CCC(=O)OC(C)C,3.477679158,train
CC(C)=C1CCC(C)CC1=O,3.038431278,train
CC1CCC(C)O1,3.924,train
O=C1CCCC(=O)O1,-0.39799818,train
CCCOC(=O)CC(=O)OCCC,0.765,train
CCC1CCC(CC)CC1,2.587293303,train
CCC1CO1,4.384137376,train
CC#CCCCCC,2.999929194,train
C=CCOC(=O)OCC=C,1.129198562,train
C=CC[C@H](C)CC,3.996,train
CC=CC(=O)O,1.585097561,train
CC(C)CC1CCCCC1,2.808822128,train
CCC(=O)OC,4.046998061,train
CC(=O)OCCOCCOCCOC(C)=O,-0.263381387,train
CCCCCCCCCCC1CCCCC1,-0.902965779,train
C/C=C/CCC,4.316,train
C1=CCC2CC2C1,3.48470182,train
C=C/C=C\C,4.704,train
CCCC[C@@H](O)CC,1.99410182,train
C=C(C)CCCCC,3.432595884,train
CC(C)=CCCC(C)CCO,0.568134977,train
CC/C=C/CCCC,3.363,train
CCC(CC)C(C)(C)C,3.178147851,train
CCCCCCCOC(=O)CCC,0.892,train
CCCC(C)(C)C(C)(C)C,2.719715575,train
C=C(C)C(=O)OCC1CO1,2.322176297,train
CCCCCCCCCOC(=O)CCCCC(=O)OCCCCCCCCC,-3.355276701,train
CC(C)(C)OC(C)(C)C,3.63800182,train
CCCCC(CC)CO,1.215915777,train
CC1CCC(C(C)C)C(=O)C1,1.566629535,train
CCCCOC(=O)[C@H](C)O,1.673,train
CCCCCCCCCCCCCCCCCCCCCCCCCCCCCCC,-8.728983833,train
CCCCCCCCC(C)O,0.537,train
C1CC2OC2CC1C1CO1,1.784494617,train
CCCOCC(C)OCC(C)O,1.027985292,train
CC1CCC(C)CC1,3.39235488,train
CCOC,5.298893874,train
C=C(C)CC,4.909160652,train
CC(C)C(=O)OCC(C)(C)C(O)C(C)C,0.111667039,train
CC(C)=O,4.486750914,train
CC(=O)OC(C)(C)C,3.696652838,train
CCCCCCC,3.771326279,train
CCCCCCCCC=O,1.75132397,train
C=C(C)C(C)CC,4.02985091,train
CCC1CCCC1,3.72541692,train
CC1=CC[C@@H](C(C)C)CC1,2.256,train
CCCOC(=O)CC(C)C,2.538198445,train
CC1(O)CCC2CC1C2(C)C,0.969993345,train
CCCC(O)CC,2.726693588,train
C=CC=O,4.541897714,train
CC1CCC(C)(C)C1,3.44850091,train
CCCCOC(=O)C1=CC(=O)CC(C)(C)O1,-1.39799081,train
CCCCCCCCCC(=O)O,-1.3115818,train
CCCCCC(=O)OC,2.694019577,train
CCCCC(C)CCC,2.959258459,train
CC(C)COC=O,3.727443215,train
CCC(C)C(C)C(C)C,3.08010182,train
C=CCCCCCCCCCCCCCCC,-1.218031955,train
C1CC1(C(=O)O)C(=O)O,-3.970616222,train
CC=C(C)C,4.795342167,train
CC(=O)C1CC(C1(C)C)CC=O,-0.462180905,train
CCCCCCCCCCCCCCCCCCCCCCCCCCC(=O)OC,-7.376,train
CCCCCCC(=O)O,0.143016634,train
CCC(=O)OC(=O)CC,2.258423416,train
CCCC(=O)O,2.28579008,train
CCCCCCCCCCC(C)=O,0.43236356,train
CC(=O)CC(C)(C)O,2.277294793,train
CCCC(O)C(CC)CO,-0.39799818,train
C=CC(=O)O,2.706455198,train
C1CCCCCCCCC1,1.873192576,train
CCCCCCCCCCCCCCCCCCCCCCO,-5.096953445,train
C=C(C)C(C)C,4.526473378,train
COCCOCCOC,2.596191951,train
COC(C)=O,4.436805878,train
CC(C)CCCCCCCO,0.433459719,train
C=C[C@@H](C)CC,4.546,train
CC(C)=CCC/C(C)=C1\CC=C(C)CC1,-0.143,train
C/C=C/CCCC,3.85,train
CCCCC(C)O,2.520747781,train
C#CCOC(=O)/C=C(C)/C=C/CC(C)CCCC(C)C,-3.01839818,train
O=C1OC(CO)C(O)C(O)C1O,-6.427946664,train
CCOC(=O)/C=C(C)/C=C/CC(C)CCCC(C)C,-1.48769818,train
CC(C)C(=O)OC(=O)C(C)C,1.823865309,train
CCOC(C)(C)CC(C)(C)C,2.709,train
CCCCCOC(C)(C)CC(C)(C)C,1.305,train
CC1CC=CC1,3.426,train
C=C(C)C(=O)OC,3.685833284,train
CCCCCCCCCCC(C)O,-0.435,train
O=C1CCO1,2.656282235,train
CCCCCCCCCC,2.193908708,train
O=C1CCCCCO1,1.153975486,train
CCC(=O)C,1.439332694,train
CC1CCCC1C,3.813755892,train
CCCCCCCCCCCCCO,-1.268458648,train
CCCOCC(C)O,2.383637971,train
C=CCCCCCCCCCCCCCCCCC,-2.29415254,train
C1=CCCC=CCCC=CCC1,0.999956568,train
C[C@@H]1C[C@H](C)OCO1,2.901,train
CCCCCCCCCCCCCCC(=O)OC,-1.633438424,train
C=CC(C)(CCC=C(C)C)OC(C)=O,1.148015362,train
CC1=CC(=O)CC(C)(C)C1,1.714616715,train
C=CC(=C)C,4.867957742,train
OCC#CCO,-1.130014042,train
CC(C)(C)C,5.234412048,train
CCC(C)(C)OC,4.000778072,train
CCC(C)CC,4.32847187,train
CC1=CC(=O)C2CC1C2(C)C,1.189,train
CCOC(=O)CCCC(=O)OCC,1.069239036,train
CCCC(=O)CCC,2.652439819,train
COC(=O)CC(C)=O,2.152671333,train
CCCCCCCCCCO,0.06129652,train
CCCCCCC(O)CC,1.177,train
CC1CCCC(C)C1,3.432030363,train
O=C1C=CC(=O)O1,1.495500928,train
CCCCOC(=O)CC,2.767659242,train
CCCCCCCCCCCCCCCCCCCCCCCCCCCCCCCCCCCCCCCCCCCCCCCC,-15.97,train
CC(C)CC(C)O,2.738378242,train
CCC(CC)C(=O)O,1.391834166,train
CCOC(=O)C(C)(C)C,3.375308564,train
OCC1OC(OC2(CO)OC(CO)C(O)C2O)C(O)C(O)C1O,3.630045283,train
OC(C1CO1)C(O)C1CO1,-0.870783321,train
C1=CCCC1,4.704938898,train
CCC[C@H](C)C(=O)OCC,2.613,train
C=CCCCCCCCC,2.352206343,train
O=C(O)CCCO,1.238838657,train
CC(C)=CCCC(C)C1C=CC(C)=CC1,-0.027,train
CC=C(C)CCC,3.82800182,train
CC(C)CC=O,3.82387748,train
CC1=CCC(C(C)(C)O)CC1,0.703110635,train
CC(=O)C=C(C)C,3.080122158,train
CC(=O)C1CCC2C3C=CC4=CC(=O)CCC4(C)C3CCC12C,-4.025071437,train
CCCCCCCCCCC=O,0.903046555,train
COC(=O)C(C)C,3.817395766,train
O=C(O)CC(=O)O,-1.135013762,train
OCCCO,0.761377239,train
C=CC/C=C\C,4.367,train
C[C@H]1CCCC[C@@H]1C,3.286,train
CC1=CC1,4.880770161,train
O=CCO,2.821251694,train
C1CC(C1C(=O)O)C(=O)O,-3.642065153,train
CCCCCCCCCCCCCCCC(=O)OCCCC,-2.639576248,train
C=C=CCC,4.689622017,train
CCCCCCC(C)(C)C,2.686,train
C=C(C)CC(C)(C)C,3.777901869,train
C=CC/C=C/C,4.36410091,train
CC[C@@H]1CO1,4.396,train
C=C(C)C(=O)O,2.08670823,train
CC1=CCC(CC1)C(=C)C,1.217483944,train
CC(O)CC=O,3.17236488,train
CC(C)COC(=O)C(C)C,2.757542056,train
CCC(CO)CC(C)C,1.49960182,train
CCCCCC(C)(C)O,1.917286994,train
CC(C)C(=O)O,2.389437395,train
C=C(C)C(=O)OCCCC,2.456144329,train
CC(=O)OC(C)=O,2.755296607,train
C/C=C/C(C)C,4.466,train
CCCCCOC(C)=O,2.651046448,train
CCCCCCCCC=CCCCCCCCCCCCCC,-2.32732999,train
CC(C)(C)O,3.735870312,train
CC1(C)CC(=O)CC(=O)C1,0.903046555,train
CC(O)CO,1.21242199,train
CCCCCC(=O)CC,2.433438105,train
C=C(C)CCO,3.099161114,train
C#CCCCCCCC,2.845657153,train
C=CC(=O)OCCCCCCCC,1.128148562,train
CC(C)C(C)C(C)C,3.562407753,train
CCOC(=O)C(C)C,3.529539966,train
CCCCC(C)(C)O,2.44170182,train
C1=C\CCCCCC/1,3.006,train
CC1COC(=O)O1,0.758690039,train
CCCCOCCOCCCC,2.251292305,train
CC(C)C(C)(C)O,2.628682368,train
CC[C@H](C)C(C)(C)C,3.63140182,train
CCCCCCCCCCCCCCCCCCCC(=O)OC,-3.41700036,train
CCCCCC1CCCC1,2.182,train
CC(C)C1CCCCC1,2.803543726,train
CCCCOCCOC(C)=O,1.661129239,train
CCCCCCCC(=O)OCC(COC(=O)CCCCCCC)OC(=O)CCCCCCC,0.927326931,train
CC1=CCC(C(C)C)CC1,2.256,train
CCCC(C)C(=O)OCC,2.613,train
C[C@H](O)C(=O)OC(C)(C)C,2.243,train
CCCCCC=O,3.175459143,train
C=C1C=C[C@H](C(C)C)CC1,2.316,train
C#CC,5.5741148,train
CCCCCCCCCCCCCCCCCCCCC(=O)OC,-4.497,train
C1CC2CC12,4.68120182,train
CCC1CCCCC1,3.231955253,train
C(CCC(=O)O)CCC(=O)O,-0.301899454,train
C=C/C=C\CC1=C(C)[C@@H](OC(=O)[C@@H]2[C@@H](/C=C(\C)C(=O)OC)C2(C)C)CC1=O,-4.27519818,train
CCCCCCCCCCCCCCCCCCCCCCCC,-3.605404688,train
CCCCCCCCCCCCCCCCCCC(=O)OC,-3.364,train
C=C1C(O)CC2CC1C2(C)C,1.338,train
C=COC=C,4.950998927,train
OCCCCCCCCCCCCCCCCO,-5.252,train
O=C1OC(C(O)CO)C(O)=C1O,-7.783789535,train
O=C(O)CC(O)C(=O)O,-4.313124221,train
CCCCCCCCCCCCCCCCCC(=O)OC(C)C,-2.276306184,train
CC(C)C(O)C(C)(C)CO,0.03855992,train
CCCCC(CC)COC(C)=O,1.493074987,train
CCC(C)OC(C)=O,3.307092531,train
CCC(C)C1CCCCC1,2.49500182,train
CC(C)=CC(=O)C=C(C)C,1.638496655,train
CCCCOC(C)(C)CC,2.788,train
CCCC(C)(C)C(C)C,3.132099866,train
C=COC(=O)CC,3.763,train
C=C1C2CCC(C2)C1(C)C,2.567843112,train
CC1(C)CCC(C)(C)O1,3.283257797,train
C=CC(=O)OCC(CC)CC,2.355330091,train
CC(=O)OCCC(C)C,2.843903836,train
CCCC#CCCC,3.1103118,train
CCCCC,4.807247089,train
CCCC(O)CCC,2.11587744,train
CC1C=CCCC1,3.66480182,train
CC(=O)OC1CCCCC1,3.06240269,train
C#CCCCCCC,3.250945344,train
OCCCCCCCCO,-1.741,train
CC1(C)O[C@]2(C)CC[C@H]1CC2,1.956,train
CC(C)CCO,2.846119507,train
O=C1[C@H]2C[C@@H]3C[C@@H](C[C@H]1C3)C2,0.221,train
C/C=C\CC,4.82,train
C=CC(CC)CC,4.03545091,train
CC(C)C(=O)C(C)C,3.253256502,train
CC(C)(C)OCCCOCCCO,1.630045283,train
O=C1OC(=O)C2CCCCC12,0.565216571,train
CCCCCCCCCCCCCCCCCCCC(=O)OCC,-5.591700823,train
CC(O)(CCO)CC(=O)O,-0.644655774,train
CCCCCCCCCCCCCCCCCCCCCCCCC,-4.043838419,train
C=C(C)C1CCC(C)CC1O,1.348,train
CCCC[C@@H](C)CC,3.406,train
CCC[C@@H](C)CC,3.906,train
CCC[C@@H](O)CC,2.80700182,train
COC(C)OC,4.362683687,train
CCCCC(CC)COC(=O)CCCCCCCCC(=O)OCC(CC)CCCC,-4.875104695,train
CCOC(C)(C)CC,3.79545091,train
CC1=CCC(C(C)C)C=C1,2.2713495,train
C[C@H]1CCCO1,4.366,train
O=C(O)CCCCCCC(=O)O,-4.522136796,train
C1CCCCC1,4.046864634,train
OCCCCCCCCCO,-2.143,train
CC[C@H](O)CO,0.979,train
C=C(C)CCCC,3.909431754,train
CC1C(=O)CC2(C(C)C)CC12,1.757410404,train
CC/C=C\CC1C(=O)CCC1CC(=O)OC,-0.909,train
CC1=CCC(O)(C(C)C)CC1,0.726955296,train
CC1CCCCC1C,3.300021709,train
OCCCCCCCCCCCO,-3.076,train
C=CC(C)(C)CC,4.140126982,train
CCOCCOC(C)=O,2.475342374,train
CC(C)CC(=O)CC(C)C,2.363077082,train
CCCCOC(=O)CO,1.651,train
CC(C)CCCO,2.200672113,train
CCOCCOCCOCC,1.841100234,train
O=COO,4.016989908,train
CCCCCCC[C@H](C)O,0.95450182,train
C/C(=C\CO)CCC[C@@H](C)CCC[C@@H](C)CCCC(C)C,-3.585,train
CC1CCO1,4.463351799,train
COC[C@@H](C)O,3.22,train
C=C(C)CC(C)=O,3.303299233,train
C=CC(=O)OCCOCCOCCOC(=O)C=C,-0.414206852,train
C1CCC(C2CCCCC2)CC1,1.146320432,train
CCCCCCCCCCCC(=O)O,-2.670789202,train
C/C=C\C,5.331,train
CCCCC(C)C,3.93481185,train
C=C[C@@H]1CC=C(C)CC1,2.756,train
CCCC(C)(C)O,3.026047333,train
C=C(C)C=O,4.315411622,train
CCCCCCCC(=O)OC(C)C,1.164294905,train
CCC(C)(O)CC,2.868985503,train
C(CCOCC1CO1)COCC1CO1,3.116121381,train
CC(C)(C)C1=CC(=O)C=C(C(C)(C)C)C1=O,-1.261262873,train
CCCCCCOC(=O)CCCCC(=O)OCCCCCC,-3.411803462,train
CC/C=C/CCC,3.826,train
C/C=C/C(C)(C)C,4.166,train
C=C[C@@H](C)CCC,4.041,train
CCCC(C)=O,3.627807848,train
CCCC(C)CC,3.911835665,train
C1CCCCCC1,3.460524983,train
CCCC(CC)CC,3.427059358,train
CCC1CCC(C)C1,2.92370182,train
C=C(C)C(C)=O,3.748144595,train
CC=CCCCC,3.809712762,train
CCCC[C@@H](C)CCC,2.959,train
CCCCCCCCCCCCCCCCCCCCCCCCCCCC(=O)OC,-7.858,train
CC(=O)C(C)=O,3.80322761,train
CCCCCCCC(=O)OOC(=O)CCCCCCC,-1.095508204,train
CC1CCC(C)C1C,3.630045283,train
CCCC(C)CO,2.400148722,train
CCCC(O)C(C)C,2.25390182,train
CC(=O)C(C)O,2.253617589,train
CCCCCCCCCCCCCCCCCCCCCCCCCCCCCC,-8.198945569,train
CCCCCCCCCO,0.810768211,train
CCCCCCCCCCCCC(C)O,-1.52,train
C/C=C\CCCCC,3.381,train
CC(CO)(CO)CO,-3.644655774,train
CO,4.203151038,train
CC(C)(C)OO,2.860735693,train
CCCCC(=O)CC,2.572092653,train
C=CC,5.871402845,train
C=C(C)[C@H](C)CC,4.026,train
CCC(C)(C)OC(C)=O,3.207680675,train
C1=CCCCC1,4.040120467,train
C=CC(=O)OCCCC,2.846331654,train
C=CCOCC,4.309591764,train
C=CCCC(C)=O,3.146093212,train
CC(C)=CCO,2.146084604,train
CCCCOCC(C)OCC(C)O,0.796993163,train
CC/C=C\CCC,3.866,train
C#CCCCC,4.251116255,train
CC(C)(C)C(=O)O,2.006627557,train
C[C@H]1CC(C)(C)OCO1,2.908,train
CC#CCCC,4.028,train
CCC(C)C=O,3.800673647,train
CCCCCCCCCCCC(=O)OC,-0.278478796,train
CCCCCC(C)(C)C,3.170070943,train
CC12CCC(CC1)C(C)(C)O2,2.291749908,train
CCCCCCCCCCCCCCCCCCCCCC(=O)O,-5.025378251,train
CC(=O)COC(C)=O,2.124895305,train
CC(=O)/C=C/C1C(C)=CCCC1(C)C,0.34395091,train
C=CCCCC,4.33613248,train
C=CCOC(=O)CC(C)=O,2.124895305,train
CC(C)C(O)C(C)C,2.60185919,train
C1CCCCCCC1,2.869382908,train
O=CC1CC=CCC1,2.38016781,train
C,7.792416066,train
C=COC(C)=O,4.113694667,train
C#CC(OC(=O)C1C(C=C(C)C)C1(C)C)C(C)=CCC,-1.853915396,train
O=C(O)CCCCCCCC(=O)O,-5.591154175,train
CC(C)COC(=O)CCCCC(=O)OCC(C)C,-0.1245963,train
CC=C(C)CC,4.320798389,train
CC(C)CCC(C)O,2.43220182,train
C=CC1CC=C(C)CC1,2.756,train
C=C[C@](C)(O)CCC=C(C)C,1.326,train
C=CCCCCCCCCCCCCCCCC,-2.045800008,train
COC(C)COC(C)COC(C)CO,0.425925301,train
CCCCCC[C@@H](C)O,1.526,train
OCC1COCO1,1.524,train
CCC[C@@H](O)CO,0.543,train
CCCC(CCC)C(=O)O,1.052778715,train
CCCCC(C)=O,3.188412301,train
C=CCC(C)(C)C,4.256,train
C=C(C)C(=O)OCC,3.442856883,train
CCOC(=O)CCC(C)=O,1.431038807,train
CCCCCCCCCOCCCCCCCCC,-2.154258565,train
CCCOC(=O)C(C)C,3.049088206,train
CC12CCC(=O)C=C1CCC1C2CCC2(C)C(O)CCC12,-5.642108585,train
C=C(C)C(=O)OCCOCCOC(=O)C(=C)C,0.124895305,train
O=C1CCCC1,3.185350533,train
CC(C)[C@@H](C)C(C)(C)C,3.236,train
CCCCCC[C@@H](O)CC,1.177,train
CCCCCCCCCC1CCCCC1,-0.48059818,train
O=C(O)CCCCC(=O)O,-4.175107356,train
CCCCCCCCC=CCCCCCCCC(=O)O,-3.954981369,train
C=C/C=C\CC1=C(C)[C@@H](OC(=O)[C@@H]2[C@@H](C=C(C)C)C2(C)C)CC1=O,-2.56759818,train
CCOC(=O)C(=O)OCC,1.743315036,train
CCCCC(CC)COCCO,0.425925301,train
CC12CCC3C(CCC4=CC(=O)C=CC43C)C1CCC(=O)O2,-5.644655774,train
CCCCC(CC)C(=O)O,0.602011646,train
C1COCOC1,3.675583506,train
C=CCC(C)CC,3.992788429,train
C[C@H](O)[C@@H](C)O,1.385,train
C#CC(OC(=O)C1C(C=C(C)C)C1(C)C)/C(C)=C/CC,-1.85389818,train
C=CC(OC)OC,4.054314231,train
CC(C)OC=O,4.263590273,train
O=CC1CO1,3.780993507,train
CC(C)C12CCC(C)(CC1)O2,2.410602349,train
CCCCCCCC(C)O,1.028,train
CC(CC(C)(C)C)CC(C)(C)CC(C)(C)C,2.124895305,train
CCCCCCC(=O)OCC,1.957403019,train
CC[C@H](C)O,3.406,train
CCOCC,4.835682804,train
C=CCOC(C)=O,3.58735756,train
COC(C)COC(C)=O,-3.287350298,train
OOC1(OOC2(O)CCCCC2)CCCCC1,-4.023846346,train
CCCCOCCOCCOCCCC,0.496554145,train
CCCCCCCCCCCCCCCCC(=O)OC,-2.524,train
O=C1CCCCC1,2.788583574,train
CCC[C@@H](C)C(C)C,3.536,train
CC(C)CCC[C@H](C)CCC[C@@H](C)CCCC(C)C,-1.249,train
CCCCCCCCCCCCCCCCCCCC,-3.077880905,train
CCC(=O)CCC(C)C,2.564227999,train
CC1(C)OOC(C)(C)OOC(C)(C)OO1,0.924,train
C1OCOCO1,3.305230105,train
O=C(O)C1CCCCC1,0.60201656,train
CC12CCC(C1)C(C)(C)C2O,0.92715182,train
CC(C)OCCO,2.639000126,train
CC(=O)OC1CC(C)CCC1C(C)C,0.823865309,train
CC(=O)OCC(C)OC(C)=O,1.880770161,train
C=CC(C)(C)C,4.758352527,train
C=CC(=O)OCCOCC,2.33441032,train
C=CC(=O)OCCOCCOCCOCCOC(=O)C=C,-0.414206852,train
C=C/C=C/C,4.756,train
CC(=O)C1(O)CCC2C3CC(C)C4=CC(=O)CCC4(C)C3CCC21C,-7.589547386,train
CC1=CC(=O)[C@H]2C[C@@H]1C2(C)C,1.189,train
CCCCCCCCCCCCOC(C)=O,-0.854429421,train
CCCC(C)C=O,3.377748336,train
CCCC=C(C=O)CC,2.206800988,train
CCC(C)C,4.956331143,train
CCOC(OCC)OCC,2.71155568,train
CC(=O)OCC(C)C,3.354805949,train
CCCCCCCCCCCCCCCCCCCCCCCCCCC,-5.03450885,train
CCOC(=O)C1CC(=O)C(=C(O)C2CC2)C(=O)C1,-2.66559393,train
CC12CCC(C1)C(C)(C)C2=O,2.027336992,train
C1=CC2C3C=CC(C3)C2C1,2.390712864,train
CC(C)CC(=O)O,1.772774446,train
CC(C)CCCC(C)CCCC(C)CCCC(C)C,-0.740326009,train
CC(C)CCOC=O,3.30480091,train
CCCCCCCCCC=O,1.132069962,train
C#CC(C)C,4.943,train
C/C=C\C(=O)O,1.906,train
CCC=CCC=CCC=CCCCCCCCC(=O)OC,-3.170096736,train
CCC[C@H](O)CC,2.566,train
CCCCCC(C)CCC,2.49,train
OCC1CCCO1,1.927814346,train
CC/C=C\CCOC(=O)CCC,1.41,train
COC(=O)C1=CCC23CCC(C(C)(C=CC=C(C)C(=O)O)OC2=O)C3(OC(C)=O)CC1,-8.574074699,train
COC(=O)CCCCC(=O)OC,0.807616125,train
CC(C)CC(C)C,4.048033359,train
CC(C)CC(C)(C)C,3.817785555,train
C=C(C)C(=O)OCC(CC)CCCC,0.988218165,train
CCCCCCCC(=O)CCCCCCC,-1.268560755,train
CCCC(C)CCC,3.436500038,train
CCCCO,3.006632115,train
CC1(C)C2CCC1(C)C(O)C2,0.697705693,train
O=C[C@H](O)[C@H](O)[C@H](O)CO,-7.58059818,train
OCC(CO)(CO)CO,-5.148105967,train
COCC(C)OCC(C)OCC(C)O,0.42591356,train
C=CCCCCCCC,2.860196962,train
CC(=O)OCC[C@H](C)CCC=C(C)C,0.602,train
CCCCCCC1CCCCC1,1.174044905,train
C=CCCCCCCCCCCCCCC,-0.526382428,train
CCCCOC(=O)/C=C\C(=O)OCCCC,-1.07229909,train
CCC(C)CC(CC)C(CC)CCOC(C)=O,0.124895305,train
O=C1OCCO1,0.117096321,train
CC(O)COC(C)COC(C)CO,-1.193863458,train
CCCCCCCCCCCCCCCCCCCCCCC,-3.077052268,train
CCC(C)(CC)CC,3.48640832,train
CCCCCCCCC(=O)OCCCC,0.44091356,train
CC(=O)OCCOC(C)=O,1.121632281,train
COC(=O)OC(=O)OC,2.289248161,train
C/C=C/CCCCCCCCC,1.206,train
C=CCCCO,2.610616731,train
C1CCC1,5.195403076,train
CC(=O)C=O,3.550703283,train
CC=C=CC,4.626,train
O=C(O)CCCC(=O)O,-3.248403462,train
C[C@H](O)CCO,0.396,train
CC=C(C)C(C)C,3.95470182,train
CC(C)=C(C)C,4.224462688,train
CCCCCCC(=O)CCCCCC,0.037298562,train
CCCCCCCCCCCCCCCCCCCCCCCCCCCCC,-7.179217665,train
C=CCC,5.415531393,train
OCC1CO1,2.636113018,train
COC(C)(C)OC,4.132807758,train
OCCOCCO,-0.086746732,train
COC1CCC=CO1,3.162311811,train
CC(=O)C12CC3CC(CC(C3)C1)C2,0.219,train
C1CCOC1,4.3145821,train
C=C(C)C(=O)OCC(C)C,2.684801875,train
C[C@H]1C[C@H](C)OCO1,2.725,train
CCCCCCCC/C=C\CCCCCCCCCCCCC,-2.32729818,train
C=C=C(C)C,4.754876321,train
CCC(CO)(CO)CO,-2.222858354,train
C1=COCC1,4.522801194,train
CCCCC(C)(C)C,3.656537566,train
CCCCCCCCCCCCCCCCC(=O)O,-5.080607414,train
C1CC[C@H]2CCCC[C@@H]2C1,2.218,train
OC1CCC2CCCCC2C1,-0.092632071,train
C1=CC=CCC=C1,3.49613764,train
CCCCCCCCC=CCCCCCCCC(=O)OC,-3.252545309,train
CCCC(C)C(=O)O,1.768347981,train
CCCCCC(C)CC,2.924663116,train
CC(C)CC(C)C(C)C,3.193654718,train
CCCCCC(=O)OCC,2.257009952,train
CC[C@@H](C)C#CO,2.84,train
CCCOC(C)=O,3.672495332,train
CC(C)=C1CC[C@@H](C)CC1=O,1.21480182,train
CCC(C)(C)C(C)C,3.55620499,train
C=C(C)OC(C)=O,3.779071847,train
CC(C)(C)CO,3.329010798,train
CC(C)C(=O)OCC(C)(C)C(OC(=O)C(C)C)C(C)C,0.054314231,train
CCC(C)OC(C)CC,3.33580182,train
CC(C)C=O,4.362191975,train
CCOCC1CO1,3.623205859,test
C/C=C/C=O,3.65900091,test
CC1CC1,5.323977106,test
CCCCCCCCCCCCCCC(=O)O,-4.236606809,test
CC(C)=CCC[C@H](C)CCO,0.305,test
C=C[C@](C)(O)CCC[C@@H](C)CCC[C@@H](C)CCCC(C)C,-2.998,test
CC1=CC2OC3C(O)CC(C)(C34CO4)C2(CO)C(O)C1=O,-8.042595782,test
CCCCCCCCCCCCCCCCCCCCCCCCO,-6.494893453,test
C=CC=CCC,4.23700182,test
CCCCC/C=C\C/C=C\CCCCCCCC(=O)OC,-3.31039818,test
C1CCC(CC1)OC=O,1.36361198,test
CCCCCCCCCCCCCCCCCC(=O)OCC,-3.461801555,test
OCCOCCOCCOCCO,-2.207624961,test
COC(C)CO,2.737679162,test
O=C1C=C2C(=CCOC2O)O1,-3.042595782,test
CC(O)COCC(C)O,0.506384929,test
O=C(O)C1C2CCC(O2)C1C(=O)O,-7.679201611,test
CC(O)C(=O)OC(C)(C)C,2.243,test
C[C@@H]1CCCC[C@H]1O,2.216,test
CCCCOC(=O)C(=O)OCCCC,0.669568907,test
CC1=C(O)C(=O)C(C)O1,0.027985292,test
C/C=C\C(C)C,4.512,test
CC(=O)OC1CC2CCC1(C)C2(C)C,1.485665454,test
CC(C)=C1CC[C@H](C)CC1=O,1.238,test
CCCCCCOC(=O)CCCCC,0.496,test
C1CC2CCC1C2,3.643409245,test
C=CCOC(=O)CCCCC,1.913,test
CCCCC(O)C(=O)O,-3.37759818,test
CCCOC(=O)[C@H](C)CC,2.656,test
C1CCC2CCCCC2C1,2.236260356,test
C1COCCOCCOCCOCCOCCO1,-2.050978861,test
CCOC(=O)C(C)O,2.610660959,test
COC(=O)C(C)(C)C,3.655095003,test
C=CC(=O)OCCCCCCOC(=O)C=C,0.255229073,test
O=C1OC(=O)C2CC=CCC12,0.862617898,test
CCCC[C@@H](CC)CO,1.276,test
C=CCCCC(C)C,3.418769918,test
CC[C@@H](C)[C@@H](C)CC,3.461,test
CCCCCCC(O)CCCCCCCCCCC(=O)O,-5.587302965,test
C1CO1,5.111000585,test
O=C(OCC1CC=CCC1)C1CC=CCC1,-0.875104695,test
C/C=C(\C)C(=O)O,1.25010182,test
CCCCCCCCCCCCCCCC(=O)OCC,-2.505893509,test
CCCCCCCCCC[C@H](C)O,-0.435,test
CCOCCOCCOC(C)=O,1.100619515,test
C=C1[C@@H](O)C[C@H]2C[C@@H]1C2(C)C,1.338,test
CC(C)(C)C1CCCCC1,2.492376523,test
OCC1CCCCO1,1.124895305,test
CC12CCCC=C1C(=O)OC2=O,-0.39798344,test
OCCC1CCCCC1,1.350173023,test
OCCCCC(O)CO,-1.976928212,test
C=C(C)CCC(=C)C,3.516883454,test
CCC1(C)CCCC1,3.406,test
C=CC(=O)OCCOC(=O)C=C,0.956547583,test
CCC[C@](C)(O)CC,2.41630182,test
CCCCCCCCCCCCCCCCC,-1.438634469,test
C=C(C)[C@@H]1CC=C(C)C(=O)C1,1.13730182,test
CCCCCCCCCCOC(=O)CCCCC(=O)OCCCCCCCC,-3.355276701,test
CCCCCCCCCC(=O)OCC,0.38,test
C[C@H]1CCC[C@@H]1C,3.931,test
CC[C@@H]1CCC[C@H]1C,3.42590182,test
CC(C)C=CC(C)C,3.76280182,test
C=CC(=O)OCC1CO1,2.597651754,test
CCC(C)C#CO,2.84,test
C=COCCOCCOC=C,0.45626356,test
CCC(O)(CC)CC,2.457333765,test
C=C(C)C(=O)OCCCCCC,2.484730787,test
C/C=C\CCCCCCC,2.226,test
CCCCCCCCCCCCCC(=O)OC,-1.184753852,test
C[C@@H]1CC[C@H](C)C1,4.066,test
CCCCOCCOCCOC(C)=O,0.726970804,test
CC(C)CCCCCO,1.694269215,test
CC1(C2CCC3(C)OC3C2)CO1,0.425925301,test
CC1=CC(=O)C(C)=CC1=O,0.425925301,test
CC(C)CCOC(=O)C(C)C,2.255,test
CC(=O)OC(C)CC(C)C,2.690934805,test
CCCCCCCCCCCCCCCO,-2.276523133,test
CCC(C)C(C)(C)CC,3.07290182,test
CCCCCCCCCCCCCCCCCCCCCCCCCCCCCCCCCCCCC,-10.815,test
CCCCCCCCCCC(=O)OC,0.286,test
C[C@@H]1CC[C@@H]2C[C@H]1C2(C)C,2.576,test
CC12COC(=O)CC1CCC1C2CCC2(C)C1CCC2(C)O,-7.203006837,test
CCCCCC=CCC=CCCCCCCCC(=O)O,-3.936251538,test
C1CC1,5.858195653,test
CCCCCCCCOC(=O)CO,-0.218,test
O=C1CC(C(=O)O)CC(=O)C1=C(O)C1CC1,-5.637078386,test
CCC(C)C(C)(C)O,2.781951158,test
CCCC(CC)C(C)CCOC(C)=O,1.124895305,test
C1CCC2CC2C1,3.482820708,test
CC1(C)CCCC1,4.016657717,test
CC1CC(C)OCO1,2.813,test
CC1CCC(C(C)C)C(O)C1,1.039242904,test
CCCCCCCCCCCCCCCCCCCC(=O)O,-6.61706215,test
CC(C)=CC=O,2.873083332,test
CC(=O)OCC(COC(C)=O)OC(C)=O,-0.507849488,test
CC(=O)C1C(=O)C=C(C)OC1=O,-0.77709818,test
CC1CCC(C(C)C)CC1,2.55463233,test
CCC(CC)C(C)C,3.504578728,test
OCCCCCCCCCCCCCCO,-4.45,test
CC(CC=O)CC(C)(C)C,1.027990801,test
C=CC(=O)OCCCCCC(C)C,1.884506493,test
CCCCCCCCCCCCCCCC(=O)O,-4.295313459,test
C=C(C)C(=C)C,4.305801911,test
CC[C@H](C)CCC[C@H](C)CCC[C@H](C)CCCC(C)C,-1.743,test
CCC(CC)(CC)CC,2.994073328,test
CC(C)=CCCC(C)C=O,2.005708897,test
CC(=O)C1(O)CCC2C3C=C(C)C4=CC(=O)CCC4(C)C3CCC21C,-7.333525451,test
CC1(C)COC(=O)C1O,0.903046555,test
CCCCCCCCCCC(=O)OCC,-0.24159818,test
CCCCCCCC/C=C\CCCCCCCC(=O)OC,-3.07639818,test
C=O,5.395852987,test
CCC/C=C\CCC,3.381,test
OC1CCCCCCCCCCC1,-1.296465485,test
CCOC(=O)CO,2.346,test
C=CCOCCC,3.908507445,test
C[C@@H]1CCC[C@@H](O)C1,1.896,test
CC(C)OC(=O)C(C)O,2.38,test
CCCCCCCCOC(=O)CCCCC(=O)OCCCCCCCC,-3.945689906,test
COC(=O)CCC(=O)OC,1.671614013,test
C1CC[C@H]2CCCC[C@H]2C1,2.036,test
CCCCCCC(=O)OCCCC,1.027985292,test
CC/C=C\C/C=C\C/C=C\CCCCCCCC(=O)O,-4.14259818,test
CC(C)CCOCCC(C)C,2.271016167,test
CCCCOC(=O)CCCCCCCC(=O)OCCCC,-1.39798344,test
C[C@@H]1CCC(C)(C)C1,3.726,test
C=C(C)C(C)(C)C,4.176803647,test
CCCC(C)OC(C)=O,3.023985901,test
C=C1C=CC(C(C)C)CC1,2.32344667,test
CCCC(C)C(C)(C)C,3.182100711,test
CCCCCCCCCCCCCCCCCC(=O)O,-4.163823316,test
C=C(C)C(=O)OC(=O)C(=C)C,3.070856009,test
CC(=O)OCC=C(C)C,2.67,test
CC#CC,4.973799583,test
CCOC(=O)/C=C\C(=O)OCC,1.14610182,test
CCC(C(C)C)C(C)C,3.126721062,test
CCCCCCCCCCCCCCCCO,-3.027326413,test
CCCCCCCCC(C)CC,1.411,test
